0.1525301,0.1246143,-0.01680837
0.184812,0.08640094,-0.06502966
0.1540641,0.0859688,-0.05238691
0.1204068,0.1103235,-0.02673429
0.1058594,0.1226495,-0.009534067
0.09872542,0.1307599,0.003788045
0.1259544,0.1405546,-0.01453838
0.114816,0.1569636,0.008623827
0.1068384,0.1605638,0.02727321
0.1004083,0.1581169,0.04162666
0.1421641,0.1449631,-0.007802513
0.1332951,0.1642572,0.02051923
0.1241335,0.1677398,0.04321904
0.1168639,0.1650905,0.05715634
0.1627948,0.1421646,-0.001195248
0.1589334,0.1590982,0.02824095
0.1530544,0.1612535,0.04827351
0.1466967,0.1590337,0.062215
0.1804249,0.1328315,0.001961255
0.1797681,0.1483372,0.02163914
0.1744602,0.1526562,0.03895665
0.168841,0.1523351,0.0500124
0.1338599,0.1743674,-0.02191663
0.1632377,0.1295588,-0.06844953
0.1313967,0.1331679,-0.05596562
0.09754811,0.1614029,-0.03888386
0.080483,0.1771624,-0.02636558
0.0696459,0.1881475,-0.01626466
0.1082666,0.1920076,-0.01881519
0.09800736,0.2143655,2.854973E-05
0.08998283,0.2257767,0.01515259
0.08343886,0.2312236,0.02943905
0.1249274,0.1959168,-0.0131137
0.1194828,0.2240246,0.01015765
0.113879,0.2383544,0.02881656
0.1086928,0.2444392,0.04355346
0.1457743,0.192175,-0.007695166
0.1455998,0.2191843,0.01632801
0.1426787,0.2309165,0.03281692
0.1385445,0.2369372,0.04659918
0.1636097,0.1820036,-0.005206123
0.1668196,0.2028214,0.009724218
0.1663365,0.2153089,0.02301857
0.1641194,0.2222404,0.03387742
0.1128139,0.2376931,-0.03586406
0.1430497,0.1873971,-0.07605007
0.1110882,0.1924234,-0.06463266
0.07361339,0.2232781,-0.04828096
0.05427483,0.2393053,-0.03517293
0.04254038,0.2499851,-0.02452331
0.08583738,0.2546359,-0.03313436
0.07398367,0.2720582,-0.01531394
0.0672329,0.2791632,-0.001559803
0.06396225,0.2809854,0.01062338
0.1029685,0.2597132,-0.02921697
0.09527881,0.289378,-0.01275584
0.09037669,0.3066629,0.001152842
0.08669519,0.3151942,0.01328153
0.1243707,0.257517,-0.02491163
0.1209182,0.2873257,-0.00751751
0.1182008,0.3016715,0.004482627
0.1149727,0.310023,0.01519348
0.1428005,0.2486312,-0.02241613
0.1427513,0.2695071,-0.01150255
0.1416084,0.2825965,-0.00145334
0.1397343,0.2899246,0.007671124
0.09394184,0.2837853,-0.04865539
0.1255932,0.2303189,-0.08341941
0.09357306,0.2361245,-0.07382194
0.05339142,0.2646435,-0.06095598
0.03319078,0.2800436,-0.04949455
0.02125583,0.2903936,-0.04001994
0.06595626,0.2998273,-0.04802525
0.05398729,0.3217064,-0.03511651
0.04677195,0.3333182,-0.02322453
0.04227102,0.3394071,-0.01147809
0.08336283,0.3056602,-0.04390515
0.07403326,0.337929,-0.03080117
0.06632032,0.3569581,-0.01696493
0.06088251,0.3658042,-0.004281284
0.1054271,0.3047886,-0.03887037
0.1011186,0.3368253,-0.02291583
0.09649367,0.3520667,-0.01034934
0.09168819,0.3604402,0.001459432
0.1239581,0.2969165,-0.03517483
0.1235479,0.3197186,-0.02494183
0.1207432,0.3336083,-0.01469933
0.1174972,0.3410838,-0.005124053
0.07287216,0.3183616,-0.0620156
0.1086949,0.2633075,-0.09173272
0.07625488,0.2687088,-0.08438867
0.03259143,0.2934346,-0.07421658
0.01101504,0.3078477,-0.06401709
-0.001859815,0.3177776,-0.05496525
0.04395144,0.3330962,-0.06375116
0.02909634,0.3573654,-0.05396191
0.01894565,0.3710538,-0.04299779
0.01182668,0.3788374,-0.03129324
0.06098611,0.3400797,-0.05902088
0.04803631,0.3731586,-0.0473162
0.03677083,0.3921908,-0.03327928
0.02918868,0.4007786,-0.02034402
0.0829801,0.3406798,-0.05283708
0.07622872,0.3743355,-0.03848289
0.06974076,0.3904453,-0.02613675
0.06384764,0.3992638,-0.01434397
0.1016056,0.3341357,-0.04773058
0.09984649,0.3583528,-0.03798901
0.09547427,0.3733703,-0.02776312
0.09128361,0.3816223,-0.01817312
0.05330434,0.3451926,-0.0765039
0.09318531,0.2898783,-0.100834
0.06060484,0.2945171,-0.09571392
0.01359453,0.3149039,-0.08710072
-0.00987228,0.3277487,-0.07770451
-0.02397069,0.3369203,-0.06874865
0.0234961,0.3581629,-0.08049013
0.004772623,0.3813368,-0.07167047
-0.008096667,0.3923979,-0.06024734
-0.01663136,0.3972069,-0.04822651
0.03997965,0.3664258,-0.07530469
0.02397679,0.3987289,-0.06416105
0.01042976,0.4160455,-0.04982901
0.001748084,0.423219,-0.03696349
0.06170287,0.3685717,-0.06820675
0.05212936,0.4030644,-0.05666029
0.04419743,0.4194787,-0.04534405
0.0374499,0.428557,-0.03428767
0.08047529,0.3633851,-0.06181528
0.07686224,0.3885718,-0.05349379
0.07096836,0.4041272,-0.0438991
0.06579893,0.4128995,-0.03480266
0.03506357,0.3657187,-0.09012969
0.07903621,0.3116653,-0.1100028
0.04632441,0.3147106,-0.1065687
-0.003424994,0.3311167,-0.09950685
-0.02834591,0.342262,-0.09093439
-0.04355095,0.3505858,-0.08222601
0.004584665,0.3767342,-0.09603488
-0.01694189,0.3985274,-0.08883817
-0.03183872,0.4084477,-0.07799533
-0.04175009,0.4122544,-0.06612775
0.02036763,0.3861054,-0.09045129
0.001088341,0.4172702,-0.08086488
-0.01474679,0.4336402,-0.06746461
-0.02466907,0.4403099,-0.05535087
0.04165944,0.3899331,-0.0826098
0.02893125,0.4240144,-0.07261896
0.01943525,0.4401054,-0.0621178
0.01160635,0.4491169,-0.05173186
0.06047646,0.386175,-0.07525245
0.05516266,0.4115468,-0.06836882
0.04835168,0.4273739,-0.05992308
0.04266579,0.4365351,-0.05156874
0.01959112,0.3850514,-0.1056322
0.06616613,0.3321638,-0.1211121
0.0334764,0.3338652,-0.1188245
-0.01707169,0.3486666,-0.1144322
-0.04268029,0.3591845,-0.1069295
-0.05784267,0.3670961,-0.09843058
-0.0115893,0.3941315,-0.1128289
-0.0345847,0.4144449,-0.1062362
-0.05005047,0.4225722,-0.09562089
-0.06008745,0.4248128,-0.08407526
0.003762621,0.4045311,-0.1074659
-0.01733745,0.4346842,-0.09954453
-0.03429463,0.4503759,-0.0870294
-0.04475882,0.4567718,-0.07561866
0.02488072,0.4098219,-0.0994326
0.009541293,0.4428435,-0.09144527
-0.00110012,0.4582911,-0.08186688
-0.009645917,0.466975,-0.07226704
0.04387863,0.4073629,-0.09141111
0.03775909,0.4329538,-0.08643138
0.03096071,0.4492119,-0.07930159
0.02539021,0.4588051,-0.07170101
0.01006708,0.4006999,-0.1221679
0.05791392,0.3477814,-0.1324984
0.02553529,0.3493729,-0.1325418
-0.02541273,0.3634261,-0.1299721
-0.05141978,0.3738788,-0.1231441
-0.06644162,0.3817938,-0.1146361
-0.02097768,0.4092149,-0.1317749
-0.0446807,0.4288943,-0.1261374
-0.06066905,0.436257,-0.1163451
-0.07126564,0.4379779,-0.105532
-0.006062064,0.4198016,-0.1256679
-0.0288672,0.449342,-0.1201673
-0.04722008,0.4649853,-0.1097094
-0.05863748,0.4717059,-0.1000225
0.01456662,0.4256564,-0.1165345
-0.003388661,0.458133,-0.1116249
-0.01543413,0.4737372,-0.1041305
-0.02513515,0.4832033,-0.09606574
0.03318939,0.4236117,-0.1074377
0.0258292,0.4495107,-0.1040532
0.01823037,0.46662,-0.09840158
0.01207039,0.4772317,-0.09165218
0.006588868,0.4153419,-0.138512
0.05412347,0.3614776,-0.1432666
0.02184868,0.3634231,-0.1443667
-0.02814254,0.3785112,-0.1451503
-0.05370488,0.3899951,-0.139605
-0.06798297,0.3986874,-0.1315577
-0.02424448,0.4236591,-0.1500006
-0.04732026,0.4439549,-0.1457817
-0.06273199,0.4513713,-0.1364659
-0.07286364,0.4535414,-0.126373
-0.009373249,0.4342942,-0.1440509
-0.03193226,0.4637223,-0.1405323
-0.05000144,0.4793788,-0.1312804
-0.06141939,0.4863859,-0.1224268
0.01110357,0.4404078,-0.1345646
-0.007145684,0.4729022,-0.1323333
-0.01947254,0.4887407,-0.1262039
-0.02939565,0.4985461,-0.1191176
0.02942712,0.4385803,-0.124739
0.02197968,0.4649001,-0.1229497
0.01390524,0.4823661,-0.1181725
0.007431319,0.4934554,-0.1122862
0.0110205,0.4292031,-0.1546521
0.05709073,0.3736551,-0.1550218
0.02479685,0.3766561,-0.1571896
-0.02311956,0.393822,-0.1609773
-0.04809574,0.4066683,-0.1571492
-0.06177468,0.4163398,-0.1497809
-0.0191368,0.438138,-0.1680193
-0.04052834,0.4597086,-0.1657515
-0.05485289,0.4683333,-0.1579704
-0.06451656,0.4719402,-0.1493547
-0.004095564,0.4484596,-0.1618996
-0.0247374,0.4787367,-0.1617636
-0.04131462,0.4960809,-0.1556159
-0.05234085,0.5048168,-0.1487687
0.01615594,0.454171,-0.1517104
-0.001396457,0.4872157,-0.1524468
-0.01344505,0.5039105,-0.1483768
-0.02327753,0.5147703,-0.1426786
0.03397334,0.452094,-0.1409872
0.02717566,0.4784703,-0.1415877
0.01963628,0.4967743,-0.1389398
0.01384162,0.5088876,-0.1344972
0.022356,0.4427592,-0.1686155
0.06571541,0.3851236,-0.1652119
0.03340635,0.3895312,-0.1682631
-0.01243252,0.4093376,-0.1749405
-0.03632931,0.4239959,-0.1720998
-0.04902191,0.4349485,-0.1649495
-0.006852827,0.4526705,-0.1834868
-0.02612576,0.4758418,-0.1836607
-0.03961495,0.4866809,-0.1778041
-0.04924012,0.4925311,-0.1705099
0.008587656,0.4624253,-0.1772653
-0.009032893,0.4933364,-0.1794705
-0.0233273,0.5120926,-0.1755351
-0.03319706,0.5222443,-0.1701092
0.02875977,0.4674813,-0.166641
0.01348494,0.5006648,-0.1701506
0.00280358,0.5179527,-0.1680669
-0.006146056,0.5296251,-0.1638104
0.04587422,0.4650169,-0.1551924
0.04158697,0.4912561,-0.1574754
0.03574681,0.5098221,-0.1563518
0.03112285,0.5223543,-0.1529906
0.0380814,0.4539931,-0.1803842
0.07759268,0.394327,-0.1738019
0.04547949,0.4002456,-0.1777073
0.001515874,0.4225935,-0.1859738
-0.02121137,0.4389903,-0.1836389
-0.0333985,0.4512317,-0.1766878
0.0100515,0.4647488,-0.1964703
-0.007213149,0.4889552,-0.1976307
-0.01976337,0.5007234,-0.1924355
-0.02886642,0.5073638,-0.1856059
0.02594586,0.4739413,-0.1901529
0.01049602,0.5051927,-0.1938735
-0.002171875,0.524606,-0.1913912
-0.011098,0.5354756,-0.1868715
0.04603184,0.4783787,-0.1790643
0.0327615,0.511652,-0.1843504
0.02322027,0.5292239,-0.1834367
0.01504731,0.5413013,-0.1800039
0.06261606,0.4755665,-0.1669655
0.05952272,0.5013512,-0.1702065
0.05452598,0.5197163,-0.1696504
0.05051894,0.5321559,-0.1665792
0.05654697,0.4612051,-0.1888023
0.09213266,0.3993079,-0.1800146
0.06050299,0.4070301,-0.1846728
0.01795194,0.4312736,-0.1937109
-0.003964565,0.4490283,-0.1915378
-0.01566399,0.462376,-0.1846801
0.02988915,0.473112,-0.2058677
0.01451824,0.4984871,-0.208331
0.002931568,0.511687,-0.2040845
-0.005711877,0.5194851,-0.1977492
0.04608892,0.4815775,-0.1993145
0.03280694,0.5130574,-0.2045444
0.02196501,0.5334432,-0.2035847
0.01435393,0.5451894,-0.1998834
0.06602558,0.4852071,-0.1877824
0.0549919,0.5184938,-0.1945484
0.04699517,0.5365817,-0.1948727
0.03997155,0.5493475,-0.1921474
0.08196718,0.4819232,-0.1751484
0.08046491,0.5072294,-0.1789302
0.07656586,0.5254269,-0.1789419
0.07333758,0.5377974,-0.1761515
0.07791937,0.4647416,-0.1938632
0.109403,0.400852,-0.1845784
0.07815646,0.4104447,-0.1891356
0.03815916,0.4383615,-0.1996247
0.017714,0.4581864,-0.1982051
0.007115052,0.4728874,-0.1916905
0.05226695,0.4778618,-0.2111442
0.039755,0.5047161,-0.2157452
0.03032645,0.5199767,-0.2139096
0.02324516,0.5299478,-0.2095683
0.06900819,0.4854621,-0.2045707
0.05909583,0.5167807,-0.2109959
0.05147354,0.5378719,-0.2119991
0.04598144,0.5507221,-0.2094905
0.08909435,0.4882126,-0.1929752
0.08196604,0.5215668,-0.2010513
0.07697149,0.5402839,-0.2026226
0.07207803,0.5540156,-0.2005986
0.104799,0.4843188,-0.1801319
0.1052908,0.5084517,-0.1857173
0.1038652,0.5263388,-0.1875471
0.1026536,0.5388353,-0.1858201
0.1043264,0.466252,-0.1976968
0.1301347,0.3999215,-0.1875174
0.09980609,0.4120089,-0.1920785
0.06283002,0.4428797,-0.2033942
0.04441044,0.464069,-0.2024845
0.0349059,0.4795683,-0.1964689
0.08034921,0.4810221,-0.2152802
0.07108353,0.5087641,-0.2210163
0.06391271,0.5241016,-0.2203127
0.05876036,0.5339922,-0.2170754
0.09750374,0.4874053,-0.2087192
0.09039956,0.5187087,-0.2161084
0.08483674,0.5397228,-0.2188048
0.08080617,0.5528079,-0.2174049
0.1175309,0.4889016,-0.1970312
0.1133752,0.5216871,-0.2065636
0.1104998,0.5400335,-0.2100625
0.107292,0.5538792,-0.2095198
0.1327681,0.4840672,-0.183946
0.1351327,0.5069923,-0.190325
0.1354305,0.5239735,-0.1931983
0.1356163,0.5361302,-0.1921351
0.124415,0.4631366,-0.1982475
0.1475827,0.3959409,-0.1877652
0.1176843,0.409389,-0.1914038
0.0830228,0.4417875,-0.2025203
0.06636799,0.4636783,-0.2024077
0.05804864,0.4796185,-0.1972383
0.1007614,0.4786193,-0.215712
0.09369972,0.5064409,-0.2217763
0.08820159,0.5219892,-0.2216432
0.08438952,0.5323385,-0.2191578
0.1181725,0.4843307,-0.209456
0.1123296,0.5155102,-0.2170172
0.1074944,0.536072,-0.2203267
0.103881,0.5488716,-0.2193647
0.1385604,0.4851955,-0.1981729
0.1361011,0.5174026,-0.2079308
0.1342775,0.5351318,-0.2119055
0.1320459,0.5485947,-0.2119047
0.1540934,0.4798723,-0.1853881
0.1573453,0.5019374,-0.191599
0.1585483,0.5179045,-0.1946879
0.1593565,0.5293197,-0.1939646
0.1522763,0.4581143,-0.198455
0.16911,0.3894266,-0.1873704
0.1404119,0.405518,-0.1902979
0.109995,0.4408972,-0.2013539
0.09582435,0.4641612,-0.2015063
0.08958264,0.4806597,-0.1969227
0.1300111,0.4755158,-0.2158516
0.1260853,0.5031692,-0.2212783
0.1222075,0.5180517,-0.2202208
0.1196298,0.5273833,-0.2169807
0.147997,0.4794769,-0.2100767
0.1450193,0.5108622,-0.2170475
0.1415819,0.5309837,-0.2201833
0.1389483,0.5433515,-0.2193696
0.168448,0.4786598,-0.1991732
0.1691222,0.5102799,-0.2082297
0.1687087,0.5273208,-0.2120806
0.1674483,0.5401676,-0.2122676
0.1837124,0.4719914,-0.1864722
0.1887649,0.493129,-0.1922648
0.1908189,0.5079255,-0.1952151
0.1921614,0.5184058,-0.1946381
0.1815315,0.4498627,-0.1976956
0.1890746,0.3791778,-0.1854741
0.1630962,0.3994222,-0.1879775
0.1373539,0.4379711,-0.1993186
0.1259087,0.4625867,-0.199757
0.1216831,0.4797773,-0.1956192
0.1620241,0.4701376,-0.2152027
0.1622012,0.4992571,-0.2197899
0.1600233,0.5147787,-0.2174609
0.158244,0.5239095,-0.2129809
0.1802159,0.4716761,-0.2099758
0.1821921,0.5049596,-0.2164316
0.1808397,0.5264386,-0.2186134
0.1791149,0.5395711,-0.2173402
0.200179,0.4679748,-0.1992855
0.2058453,0.4999926,-0.2083485
0.2080977,0.5175848,-0.2119872
0.2082465,0.5311621,-0.2118482
0.2145886,0.4592591,-0.1866008
0.2227561,0.480101,-0.1928721
0.2268702,0.4949197,-0.1959666
0.2295197,0.5056679,-0.1954509
0.2011135,0.4378907,-0.1944896
0.2022171,0.3672262,-0.1813203
0.178006,0.3897201,-0.183157
0.1559142,0.429296,-0.1955118
0.1471813,0.4540632,-0.1965442
0.1446011,0.4712311,-0.1930822
0.1832249,0.4595682,-0.21202
0.1871902,0.4887955,-0.2163418
0.1875064,0.5044734,-0.2134587
0.1877214,0.5135477,-0.2087168
0.2016553,0.4594971,-0.207257
0.2070774,0.4931301,-0.2127372
0.20713,0.5145736,-0.2137724
0.2061963,0.5272678,-0.2119479
0.2214631,0.4539807,-0.1968913
0.2308379,0.4853104,-0.2054195
0.2347486,0.5023965,-0.2083192
0.2358503,0.5153857,-0.2078059
0.2354047,0.444108,-0.1842283
0.2456074,0.4642885,-0.1902262
0.2508256,0.4784356,-0.1927964
0.254216,0.4884798,-0.1919413
0.2203314,0.4238232,-0.1910378
0.2134005,0.3535966,-0.1773428
0.1912123,0.3779163,-0.1792371
0.1746131,0.4202521,-0.1928545
0.1693207,0.4458574,-0.1949019
0.1690892,0.463234,-0.1925617
0.2049807,0.4468361,-0.2083355
0.2131134,0.4759456,-0.2134588
0.2162044,0.492458,-0.2110444
0.2174622,0.5018567,-0.2064617
0.2236633,0.4452629,-0.2040738
0.2337656,0.4791093,-0.2101106
0.2365039,0.5015342,-0.2104571
0.2364135,0.5145785,-0.2075166
0.2429083,0.4375532,-0.1938553
0.2559473,0.4683897,-0.2027442
0.2619832,0.4855473,-0.2049181
0.264153,0.4982585,-0.2030208
0.2557631,0.4262124,-0.1812166
0.2685097,0.4457869,-0.1880926
0.2752655,0.4599144,-0.1903581
0.2795095,0.4696689,-0.1886438
0.2321106,0.4132012,-0.1847152
0.2198031,0.3431593,-0.1741849
0.1991867,0.3696132,-0.1762258
0.1861412,0.4144388,-0.1881699
0.1833726,0.4409572,-0.1891757
0.184981,0.458916,-0.1863089
0.2187933,0.4374838,-0.2008824
0.2288601,0.4664229,-0.2072527
0.234013,0.4840783,-0.2058893
0.2371992,0.4954423,-0.2019574
0.2372679,0.434504,-0.1965258
0.2500765,0.466434,-0.2031951
0.2567933,0.488073,-0.2047715
0.2596616,0.5016148,-0.202329
0.2558362,0.4253845,-0.1860949
0.2725452,0.4541512,-0.1961588
0.2822661,0.4702726,-0.1995448
0.2876313,0.4832326,-0.1977286
0.2676907,0.4131325,-0.1736894
0.2835355,0.4308348,-0.1805392
0.2936404,0.4437872,-0.1828889
0.3005008,0.4531461,-0.1808884
0.238148,0.4035126,-0.1793269
0.2210118,0.3335009,-0.17177
0.2027981,0.361976,-0.17468
0.1929408,0.4088292,-0.186735
0.1922007,0.4358419,-0.1872713
0.1948605,0.4539305,-0.1841066
0.2278531,0.4295295,-0.1952497
0.2405771,0.4578904,-0.2031498
0.2475765,0.4758753,-0.2036436
0.2519638,0.4882213,-0.201113
0.2452745,0.4249369,-0.1900929
0.2612016,0.4551876,-0.1972733
0.2703444,0.4759354,-0.199717
0.2744467,0.4895851,-0.1979766
0.2621041,0.4141788,-0.1788765
0.2825356,0.4418142,-0.1888244
0.2944022,0.4573772,-0.1925153
0.3012633,0.4702574,-0.1908646
0.272499,0.4007662,-0.1663778
0.2908601,0.4171152,-0.1718631
0.3031251,0.4293614,-0.1731398
0.3114562,0.4383431,-0.1705943
0.2362238,0.3938096,-0.1741264
0.2144321,0.3243684,-0.1665652
0.1987058,0.3546311,-0.1690738
0.1893294,0.4024987,-0.1819138
0.1888393,0.4298337,-0.1820044
0.1919776,0.4480634,-0.1783572
0.2283971,0.4207924,-0.1900959
0.2440763,0.4484291,-0.1983095
0.2530699,0.4659547,-0.1989032
0.2585898,0.477898,-0.1963898
0.2450183,0.4150697,-0.185122
0.2629014,0.4439375,-0.1916037
0.2731769,0.4632129,-0.1928991
0.2777084,0.4756658,-0.1903367
0.2605458,0.4027795,-0.173915
0.2823773,0.4295233,-0.1820226
0.2945192,0.4439523,-0.1839328
0.3013907,0.4555986,-0.1815054
0.2696032,0.3886207,-0.1616314
0.2885497,0.4051656,-0.1654935
0.300673,0.4166382,-0.1649464
0.3087461,0.4246702,-0.161719
0.2259799,0.3873769,-0.1643004
0.2004398,0.3182517,-0.1560713
0.18656,0.3496255,-0.1595483
0.1786192,0.3984272,-0.173619
0.1791633,0.4265473,-0.1735746
0.1830836,0.4453393,-0.1699119
0.2208428,0.4145774,-0.1808387
0.2374969,0.4421847,-0.1884014
0.2468401,0.4591358,-0.18851
0.2522169,0.4704189,-0.1856479
0.2364904,0.4081926,-0.1755482
0.2555106,0.4362009,-0.181185
0.2667975,0.4546402,-0.1815736
0.2722254,0.4664861,-0.1785614
0.2505084,0.3952968,-0.1638862
0.2727753,0.4212446,-0.1698169
0.2852266,0.4347736,-0.1702889
0.2926896,0.4453952,-0.1673954
0.2581712,0.3810727,-0.15141
0.2769156,0.3978496,-0.1534567
0.2888599,0.4085695,-0.1515117
0.2966815,0.4159696,-0.1477209
0.2098829,0.3850955,-0.1547165
0.1850512,0.3160934,-0.1476539
0.1708318,0.3470588,-0.1523632
0.1626552,0.3957935,-0.1649455
0.1617412,0.4241837,-0.1646465
0.1641433,0.4434107,-0.160789
0.205054,0.4122358,-0.1716752
0.2196114,0.4406637,-0.1782905
0.2271362,0.4583978,-0.1770404
0.2306695,0.4698513,-0.1730334
0.2206232,0.4058854,-0.1654985
0.2381496,0.4346189,-0.1703594
0.2484059,0.4546658,-0.1697237
0.2533278,0.4677339,-0.1663969
0.2342902,0.3932607,-0.1530138
0.2556816,0.4194084,-0.1581676
0.2677285,0.4340736,-0.1579772
0.2749997,0.4454952,-0.1548354
0.2411524,0.3793964,-0.1399682
0.2593743,0.396544,-0.1409966
0.270856,0.4080799,-0.1384217
0.2778342,0.4163004,-0.1342656
0.1877456,0.3874524,-0.1434916
0.1661759,0.3180626,-0.1390635
0.1504072,0.3480035,-0.1438518
0.1401355,0.3962703,-0.1554868
0.1372513,0.4247565,-0.1551637
0.1379219,0.4442155,-0.1508936
0.1817236,0.4146056,-0.1602333
0.193433,0.4447167,-0.1650151
0.1985163,0.463217,-0.1617316
0.1999401,0.4743271,-0.1557606
0.1976911,0.4087122,-0.1532972
0.2142765,0.4387683,-0.1563497
0.2240719,0.4605195,-0.1535212
0.2284944,0.4746544,-0.1486053
0.2117285,0.3965801,-0.1403831
0.2332082,0.4231613,-0.1439532
0.2451428,0.4391179,-0.1423766
0.2517777,0.4515173,-0.1382441
0.2186977,0.382879,-0.1270537
0.2373997,0.4001115,-0.1261922
0.2483833,0.4125151,-0.1220283
0.254391,0.4214407,-0.1169156
0.1655351,0.3921952,-0.1342446
0.1477819,0.3221257,-0.1327918
0.1304851,0.350993,-0.1374801
0.1170787,0.3986592,-0.1476385
0.111592,0.4270352,-0.1470768
0.1099564,0.446569,-0.1424703
0.1582986,0.4193692,-0.1505094
0.1664236,0.4511009,-0.1531854
0.1685046,0.4703233,-0.1474372
0.1676428,0.4812298,-0.1390727
0.1745013,0.4141184,-0.142961
0.1895012,0.4449782,-0.1439728
0.1978093,0.4675723,-0.1392788
0.2010049,0.4823352,-0.1331932
0.1888905,0.4024799,-0.1296384
0.2095951,0.4297017,-0.1324271
0.2206936,0.4463591,-0.1300486
0.2263141,0.4592125,-0.1253045
0.1959811,0.3888429,-0.1161754
0.214322,0.4062177,-0.1142636
0.224322,0.4190459,-0.1093459
0.2289351,0.4283993,-0.1038262
0.1386512,0.3953338,-0.1256166
0.1258218,0.324482,-0.1274352
0.106853,0.3519451,-0.1321361
0.08943626,0.3981341,-0.1408566
0.08149885,0.4257987,-0.1396157
0.07811233,0.4447725,-0.1344713
0.1301067,0.4223412,-0.1413425
0.1356841,0.4547482,-0.1417217
0.1356826,0.4738034,-0.1340462
0.1333077,0.4841726,-0.1241851
0.1463395,0.4180095,-0.1331204
0.1596032,0.4500989,-0.1322585
0.1664373,0.4733669,-0.1261677
0.1686705,0.4884202,-0.1193993
0.1610848,0.4070413,-0.119391
0.1810862,0.4358171,-0.1209916
0.1915001,0.4533773,-0.1177702
0.196428,0.4667144,-0.1123479
0.1684687,0.393496,-0.105943
0.1858403,0.4117637,-0.1028116
0.1948037,0.424987,-0.09727044
0.1982687,0.4345162,-0.09140982
0.1074423,0.3967351,-0.1189286
0.1007958,0.3256129,-0.1223875
0.07978021,0.3513406,-0.1270847
0.05859229,0.3959571,-0.1355586
0.0485828,0.4228349,-0.1341643
0.04370165,0.4411031,-0.1288484
0.09685282,0.4233539,-0.1347117
0.1000727,0.4547654,-0.1335478
0.09867889,0.472051,-0.1250302
0.09570523,0.4810045,-0.1149885
0.1131106,0.4200434,-0.1258961
0.1235419,0.4535823,-0.1251239
0.1284983,0.4773508,-0.1190776
0.1297134,0.4925523,-0.1126544
0.1284747,0.4100164,-0.1118328
0.1455213,0.4407738,-0.1123761
0.1537707,0.4591204,-0.1084498
0.1572046,0.4727332,-0.1027123
0.13668,0.3967901,-0.09821442
0.1514676,0.4163026,-0.09387768
0.1579333,0.4297567,-0.08741805
0.1598433,0.4390491,-0.08116445
0.07475835,0.3977122,-0.1146887
0.07697561,0.3261307,-0.1196939
0.05326068,0.3494035,-0.1233344
0.0273746,0.3916197,-0.1308245
0.01494479,0.4175608,-0.1291707
0.008362914,0.4353523,-0.1240551
0.06061874,0.4233558,-0.1297689
0.06033874,0.4543303,-0.1279449
0.05720616,0.4714839,-0.1193645
0.05308851,0.4806586,-0.1095871
0.07722922,0.4218406,-0.121178
0.08404531,0.4565133,-0.1189245
0.08620625,0.4803261,-0.1114409
0.08549882,0.4951612,-0.1042911
0.09393558,0.4133501,-0.1076311
0.1060695,0.4462152,-0.1067183
0.1110102,0.4650054,-0.1017747
0.1121748,0.4784265,-0.09564104
0.1039368,0.4008655,-0.0944241
0.1158798,0.4219623,-0.08882771
0.1199705,0.4358819,-0.08139542
0.1200744,0.4451006,-0.07472884
0.04092152,0.3941858,-0.1124654
0.05243099,0.3234525,-0.1184904
0.02662295,0.3439423,-0.1225554
-0.004575417,0.3827724,-0.1288397
-0.02074884,0.4070038,-0.1270726
-0.03012425,0.4236408,-0.1220579
0.02385535,0.4180386,-0.1275619
0.01879071,0.4479943,-0.1249957
0.01241017,0.4645244,-0.1160171
0.005631083,0.4734942,-0.1057619
0.04030047,0.4187237,-0.1184969
0.04227172,0.4542414,-0.114638
0.04028292,0.4780748,-0.1058758
0.03648735,0.4925315,-0.09771099
0.05748811,0.4119969,-0.1045015
0.065023,0.4462514,-0.1010926
0.06653944,0.4651598,-0.09465515
0.06514934,0.4783519,-0.08780867
0.06859954,0.4006577,-0.09143655
0.07718597,0.4229856,-0.08467993
0.07858778,0.4377276,-0.07680044
0.0765071,0.4473967,-0.07004995
0.005575694,0.3846459,-0.1098718
0.02860157,0.3165819,-0.1173534
0.0003816204,0.3327017,-0.1214963
-0.03697664,0.3670556,-0.1270777
-0.05644307,0.3888584,-0.1252775
-0.06816491,0.4038218,-0.1206096
-0.0153568,0.4054663,-0.1244116
-0.02643284,0.434808,-0.1219491
-0.03692696,0.4510051,-0.1129232
-0.04675879,0.4595074,-0.1022503
0.0007739312,0.4089192,-0.1150854
-0.004032496,0.4448496,-0.1100285
-0.0109167,0.4679835,-0.1006762
-0.01775611,0.4811467,-0.09199562
0.0188145,0.4050193,-0.1013635
0.01922602,0.4402284,-0.09600914
0.01623994,0.4591723,-0.08861715
0.01149684,0.4718975,-0.08119102
0.03170599,0.3955451,-0.08867083
0.03542626,0.4190977,-0.08104306
0.03325741,0.4345452,-0.07293951
0.02861284,0.4443529,-0.06621112
-0.02520837,0.3716121,-0.1075101
0.007083587,0.3072275,-0.1160646
-0.02264033,0.3196088,-0.120678
-0.06634217,0.3468488,-0.1241579
-0.08958767,0.3643653,-0.1209504
-0.104216,0.3764078,-0.1154132
-0.04852685,0.3894,-0.1215807
-0.06312874,0.4178749,-0.1201436
-0.07617878,0.4337062,-0.1126442
-0.08799981,0.4419943,-0.1028619
-0.03320587,0.3950511,-0.1120262
-0.04231728,0.4307193,-0.1077184
-0.05209655,0.4532291,-0.09984107
-0.06082343,0.4657187,-0.09195288
-0.01522901,0.3936761,-0.09832129
-0.01962285,0.4298059,-0.09391808
-0.02536637,0.4493528,-0.08763636
-0.03225358,0.4623811,-0.08067813
-0.001407072,0.3859755,-0.08585082
-0.001148754,0.4103862,-0.0790932
-0.005461816,0.4265201,-0.07223386
-0.0113376,0.4366837,-0.06600989
-0.05431278,0.3564943,-0.1084096
-0.01304438,0.2972918,-0.1161586
-0.04380625,0.3054117,-0.1214029
-0.09195035,0.3248106,-0.1242123
-0.1182535,0.3381428,-0.1209448
-0.1349072,0.3476448,-0.1154406
-0.07972413,0.3705474,-0.1229595
-0.09806992,0.3965865,-0.1215465
-0.1130934,0.4100665,-0.113907
-0.1257682,0.4163603,-0.1039599
-0.06557269,0.3784088,-0.1129767
-0.08130641,0.4115948,-0.1083885
-0.09559771,0.4307916,-0.09972459
-0.1064531,0.4406801,-0.09142214
-0.04789911,0.3799821,-0.09907396
-0.05730802,0.4155485,-0.09469696
-0.06584367,0.4338732,-0.08810794
-0.07448913,0.4457043,-0.08101875
-0.03324416,0.3743046,-0.08646046
-0.03676215,0.3987762,-0.08042708
-0.0433329,0.4146712,-0.07398061
-0.05028393,0.4244857,-0.06783441
-0.07533975,0.3444777,-0.1097058
-0.02732655,0.2907485,-0.117417
-0.05860611,0.2949791,-0.1231377
-0.1087915,0.3068098,-0.1253886
-0.1365111,0.3161546,-0.1211859
-0.1543206,0.323584,-0.1146582
-0.1023064,0.355556,-0.1242802
-0.1234053,0.3786991,-0.1219057
-0.139614,0.3899645,-0.1137259
-0.1527263,0.3944251,-0.1034852
-0.0892047,0.3648768,-0.1141481
-0.1099348,0.3948043,-0.1080874
-0.127348,0.4106469,-0.09848421
-0.1395116,0.4179501,-0.08988842
-0.07195018,0.3684586,-0.1001977
-0.08602817,0.4020013,-0.09479733
-0.09683368,0.4187078,-0.08788532
-0.1069048,0.4290858,-0.08074193
-0.05671544,0.3644133,-0.08756886
-0.06467906,0.3886338,-0.08210022
-0.07392213,0.4040976,-0.07608803
-0.0820897,0.4133711,-0.07013608
-0.0931628,0.3303764,-0.1122341
-0.03907866,0.2827706,-0.1189755
-0.07017439,0.2832016,-0.1253757
-0.1210483,0.2889397,-0.12826
-0.1492076,0.2950192,-0.1238931
-0.1669692,0.3005736,-0.1169615
-0.1210629,0.3379087,-0.1272678
-0.1453198,0.3567496,-0.1252654
-0.1628641,0.3642086,-0.1175043
-0.176202,0.3653742,-0.1075032
-0.1093782,0.3489868,-0.1169344
-0.13428,0.375124,-0.1105556
-0.1544519,0.3868389,-0.1006898
-0.1678287,0.3907126,-0.09227044
-0.09295376,0.3546604,-0.1026805
-0.1127403,0.3845965,-0.09716711
-0.1266517,0.3983483,-0.09014349
-0.138847,0.4057708,-0.08294055
-0.07747155,0.3524204,-0.08978751
-0.08800421,0.375391,-0.08398708
-0.09892023,0.3893916,-0.077587
-0.1080888,0.3970352,-0.07125886
-0.1027512,0.318458,-0.1144629
-0.04380698,0.2770523,-0.1196964
-0.07424308,0.2737285,-0.1263787
-0.1256324,0.2739159,-0.1305135
-0.154263,0.2767608,-0.1262438
-0.1720825,0.2803253,-0.1190167
-0.1313249,0.3226689,-0.1298997
-0.1583357,0.3363532,-0.1271945
-0.1764695,0.3401724,-0.1194917
-0.1894609,0.3392097,-0.1101544
-0.1210788,0.3347568,-0.1196081
-0.149938,0.3560211,-0.1128959
-0.1722029,0.364269,-0.1030228
-0.1862168,0.3661993,-0.09502615
-0.1053976,0.3427426,-0.105401
-0.1297481,0.3680202,-0.09914922
-0.1455751,0.3790657,-0.09166072
-0.158607,0.3847102,-0.08423803
-0.08983123,0.3425253,-0.09237889
-0.1033427,0.3641261,-0.08692188
-0.1155742,0.3774775,-0.0810096
-0.1250624,0.3849456,-0.07483862
-0.1054254,0.3105887,-0.1166155
-0.04361677,0.2732494,-0.1201452
-0.07364748,0.2674307,-0.1269454
-0.1253105,0.2636448,-0.1321791
-0.1542363,0.2642122,-0.1279894
-0.1718979,0.2664653,-0.1203771
-0.1342242,0.3123102,-0.1321448
-0.1623756,0.3232732,-0.128477
-0.1802925,0.3254376,-0.1205755
-0.1928263,0.3238517,-0.1116993
-0.124927,0.32526,-0.1221894
-0.1557711,0.3434325,-0.115615
-0.1787989,0.3499803,-0.1058179
-0.1927666,0.3511304,-0.09785949
-0.1098096,0.3349189,-0.1083854
-0.1362533,0.357631,-0.1017865
-0.1527966,0.3673635,-0.09416139
-0.1658768,0.3722191,-0.08661406
-0.09442653,0.3362624,-0.09540402
-0.1099212,0.3566953,-0.09126943
-0.1231466,0.3694456,-0.08633335
-0.1329825,0.376743,-0.08066165
-0.103454,0.3076713,-0.1175083
-0.04034689,0.2724257,-0.1200591
-0.07026224,0.2650804,-0.12654
-0.1218119,0.2602522,-0.1325693
-0.1507192,0.2608347,-0.1284732
-0.1683399,0.2635177,-0.1207558
-0.1323972,0.3078095,-0.1328016
-0.1608628,0.3186765,-0.1285695
-0.1791157,0.3214651,-0.1204908
-0.1922179,0.3205259,-0.1116345
-0.1235126,0.321479,-0.1233916
-0.1550505,0.3384034,-0.1172232
-0.1784478,0.344664,-0.1072308
-0.1924962,0.3457428,-0.09909341
-0.1085978,0.3321429,-0.1101643
-0.1367496,0.352996,-0.104183
-0.1540819,0.3617682,-0.09684927
-0.1674484,0.3659754,-0.08951096
-0.09326052,0.3345298,-0.09742001
-0.1091668,0.3539909,-0.09397498
-0.1224205,0.3663634,-0.08942694
-0.1322174,0.3735771,-0.08385712
-0.09660807,0.3110904,-0.1174755
-0.03306038,0.2766443,-0.1195525
-0.0627298,0.268815,-0.1259196
-0.1141252,0.2639398,-0.1324595
-0.1426528,0.2656287,-0.128043
-0.1597598,0.2695077,-0.1197955
-0.1255694,0.3105963,-0.1326875
-0.153829,0.3221899,-0.1285771
-0.1722756,0.3262942,-0.1207932
-0.1857629,0.3268215,-0.112197
-0.1169074,0.3245352,-0.1235988
-0.1482374,0.3415396,-0.1177383
-0.1714526,0.3483467,-0.1076638
-0.1854732,0.3499314,-0.09936392
-0.1021321,0.3355728,-0.1105313
-0.1306176,0.3559062,-0.1054087
-0.1481238,0.3645897,-0.09869803
-0.1616428,0.3687784,-0.09188942
-0.0868187,0.3383704,-0.09785436
-0.1025481,0.3572143,-0.09445261
-0.1154354,0.3691965,-0.08997519
-0.1250736,0.376283,-0.08437426
-0.08558489,0.3200644,-0.1160291
-0.02281423,0.2843999,-0.1175483
-0.05261928,0.2771303,-0.1239981
-0.1038476,0.2731024,-0.1311683
-0.131862,0.2760544,-0.1263736
-0.1483529,0.2811184,-0.1173409
-0.1144815,0.3199561,-0.1313329
-0.1419478,0.333818,-0.1275942
-0.1603493,0.3397843,-0.1201381
-0.1742048,0.3419051,-0.1118255
-0.1055909,0.3337706,-0.1223722
-0.1358585,0.3517083,-0.116326
-0.158445,0.3591653,-0.1058707
-0.1722395,0.3612046,-0.09735325
-0.09062965,0.3446315,-0.1093052
-0.1190109,0.3652433,-0.1051071
-0.1365552,0.3741843,-0.09901512
-0.1502246,0.3787803,-0.09281366
-0.07532508,0.3473615,-0.09659983
-0.08995284,0.3662013,-0.09310537
-0.1020731,0.378305,-0.08865477
-0.1114657,0.3858233,-0.08313195
-0.06998511,0.3328902,-0.1143255
-0.009161612,0.2944424,-0.1159535
-0.03931215,0.2884705,-0.1222325
-0.0906552,0.2857945,-0.1292375
-0.1178243,0.289952,-0.1231008
-0.1328735,0.2959575,-0.1124571
-0.09889556,0.3339529,-0.1295004
-0.1252352,0.3498603,-0.1257345
-0.1429524,0.3569762,-0.1182614
-0.1562802,0.359964,-0.1100895
-0.0892852,0.3474142,-0.1206963
-0.1183611,0.3669145,-0.11434
-0.1401356,0.3750377,-0.1033257
-0.1534552,0.3772225,-0.09430148
-0.07377432,0.3576048,-0.1077242
-0.1013421,0.3793972,-0.1038039
-0.118568,0.3885758,-0.09777113
-0.131929,0.3931713,-0.09165902
-0.05835992,0.3598602,-0.09511607
-0.07237593,0.3789403,-0.09136553
-0.08431014,0.3907989,-0.08638884
-0.09355193,0.3980525,-0.08063506
-0.05041965,0.3481899,-0.1113241
0.007203052,0.3054995,-0.1140163
-0.02340338,0.3017878,-0.1199945
-0.07418643,0.3025036,-0.1265572
-0.1006037,0.3084151,-0.120062
-0.1148777,0.31521,-0.1092061
-0.0794206,0.3514132,-0.1261255
-0.1045557,0.3691874,-0.1225565
-0.1216913,0.3775077,-0.1152713
-0.1345361,0.381341,-0.1073038
-0.06862894,0.3640995,-0.1173751
-0.09585819,0.386337,-0.1114502
-0.1168125,0.3966626,-0.1010399
-0.1300167,0.4002463,-0.0922723
-0.05218764,0.3729774,-0.104467
-0.07719298,0.3976909,-0.1010298
-0.0932259,0.4088088,-0.09518877
-0.1059844,0.4148092,-0.0890422
-0.03643503,0.3741008,-0.09199664
-0.04864133,0.3945637,-0.08855701
-0.05959195,0.4077679,-0.08363487
-0.06825818,0.4159691,-0.07780012
-0.02724833,0.3643141,-0.108281
0.02650208,0.3174043,-0.1128566
-0.004514188,0.3159834,-0.1179733
-0.05505978,0.3213564,-0.1237854
-0.08066817,0.3294741,-0.1163277
-0.0939402,0.3373026,-0.1044985
-0.05636719,0.3697583,-0.1221931
-0.07992082,0.3896612,-0.1181472
-0.09600234,0.3993468,-0.1104795
-0.1080313,0.404177,-0.1021449
-0.04425875,0.38156,-0.1137134
-0.06932101,0.4066311,-0.1082794
-0.08884144,0.4193538,-0.09813567
-0.1013408,0.4244266,-0.0892421
-0.02672181,0.3891166,-0.1012441
-0.04906401,0.4166398,-0.09793434
-0.06368674,0.4295947,-0.09195456
-0.07540992,0.4369724,-0.08539157
-0.01050629,0.3889606,-0.08917956
-0.02098919,0.4108673,-0.08585554
-0.03087916,0.4251823,-0.080519
-0.03873888,0.4341258,-0.07420707
-0.0005998628,0.3805395,-0.1066019
0.0480452,0.3288529,-0.1125381
0.01663198,0.330277,-0.1166456
-0.03286582,0.3418716,-0.1214651
-0.05754848,0.3527021,-0.1139369
-0.07021252,0.3615887,-0.1023988
-0.02977894,0.3886615,-0.1196068
-0.05156856,0.4102211,-0.1148956
-0.0666468,0.4205517,-0.1065252
-0.07789347,0.4257748,-0.09771334
-0.01608978,0.3992097,-0.1116347
-0.03836741,0.4267634,-0.1062581
-0.05606844,0.4413624,-0.09630644
-0.06763161,0.4475404,-0.08717509
0.002771221,0.4051129,-0.09980255
-0.01648732,0.4348546,-0.09578283
-0.02960674,0.4489083,-0.08900483
-0.04016884,0.4569851,-0.08158761
0.01947558,0.4034323,-0.08827304
0.01096384,0.426493,-0.08483628
0.002041933,0.4414778,-0.07903146
-0.004966481,0.4507466,-0.07239516
0.02836782,0.3941621,-0.1059303
0.07145218,0.3381136,-0.1135218
0.04000307,0.3425997,-0.1165421
-0.007194068,0.3600996,-0.1193394
-0.03041331,0.3734436,-0.1117334
-0.04213707,0.383296,-0.1008071
-0.0004863098,0.4052662,-0.1178778
-0.02076627,0.4282259,-0.1127968
-0.03444539,0.438619,-0.1041288
-0.04416757,0.443432,-0.09524967
0.01457765,0.4142727,-0.1103602
-0.004604165,0.4442569,-0.1047533
-0.02012182,0.4605797,-0.09463773
-0.03036456,0.467714,-0.08519898
0.03446856,0.4181554,-0.09931196
0.01818874,0.449397,-0.09361944
0.006623287,0.4639595,-0.08575503
-0.002753834,0.4721991,-0.07756111
0.05143709,0.4146333,-0.08840815
0.04537896,0.4385282,-0.084366
0.03789426,0.4537607,-0.07744233
0.03188084,0.46296,-0.07015582
0.05542022,0.4035122,-0.1065852
0.09274166,0.3436847,-0.114246
0.06144689,0.3508664,-0.1165541
0.01673754,0.3735461,-0.1188394
-0.004937012,0.3895166,-0.1113293
-0.01587221,0.4006255,-0.1006275
0.02762686,0.4171261,-0.1182657
0.01045444,0.4420521,-0.1129537
-0.0013144,0.4536897,-0.1038929
-0.009946868,0.4594219,-0.09489059
0.0437291,0.4247305,-0.1110312
0.02866401,0.4567733,-0.1061575
0.01627747,0.4750353,-0.09637313
0.007482765,0.4835441,-0.08668714
0.06411264,0.4269055,-0.1003416
0.05176085,0.4598296,-0.09423064
0.04218421,0.4753368,-0.08586676
0.03398993,0.4842341,-0.0769967
0.08082993,0.4219235,-0.08975536
0.07728528,0.4463489,-0.08604926
0.07128566,0.4617923,-0.07894664
0.06612252,0.4709933,-0.07141228
0.08658051,0.4100204,-0.1067716
0.1161509,0.3460144,-0.1159036
0.08556012,0.3570226,-0.1166236
0.04445887,0.3858637,-0.1169991
0.0246432,0.4045151,-0.109154
0.01468584,0.4169977,-0.09887916
0.06004733,0.4269848,-0.1169926
0.04644306,0.4538831,-0.1113486
0.03677052,0.4674936,-0.1022706
0.02919485,0.4745745,-0.09297996
0.07729504,0.432567,-0.1109195
0.06750263,0.4662635,-0.1055021
0.05853877,0.4860528,-0.09495993
0.05206557,0.4957725,-0.08471747
0.09840555,0.4323245,-0.1012568
0.09034909,0.4659801,-0.09545577
0.08329794,0.4824251,-0.08690465
0.076875,0.4924178,-0.07777841
0.1150989,0.4250489,-0.09154683
0.1150441,0.4496065,-0.08768929
0.1113077,0.4652519,-0.08030557
0.1076495,0.4747368,-0.07259464
0.1147025,0.4132659,-0.1085439
0.1355619,0.3456855,-0.1168842
0.106427,0.3605725,-0.1167832
0.0695046,0.394457,-0.1172415
0.0516064,0.4155147,-0.1101474
0.04256301,0.4294221,-0.1008764
0.09039486,0.4332261,-0.1185763
0.08219201,0.4612212,-0.1124066
0.07565526,0.4759599,-0.1030574
0.07002168,0.4840708,-0.09366498
0.1084166,0.4367924,-0.1130186
0.1036434,0.4712475,-0.1078606
0.0978438,0.4922353,-0.09741181
0.09323997,0.5030568,-0.08720338
0.1295073,0.4340524,-0.1039904
0.1267439,0.4683829,-0.09881245
0.122414,0.4855143,-0.09035414
0.1176404,0.4963488,-0.08112701
0.1454178,0.4248562,-0.09467231
0.1481977,0.4492917,-0.09041598
0.1457993,0.4649988,-0.08254126
0.1428903,0.4746242,-0.07459717
0.1408905,0.4137514,-0.111339
0.1548278,0.3440602,-0.1186731
0.1270441,0.3618807,-0.117951
0.09376461,0.3990203,-0.1191948
0.07823336,0.4217956,-0.1127377
0.07052965,0.4369691,-0.1039653
0.1187398,0.435871,-0.1213877
0.1154618,0.4650921,-0.1164837
0.1119863,0.4819855,-0.107902
0.1081297,0.4924811,-0.09875245
0.137126,0.4377792,-0.1164055
0.1368132,0.4725419,-0.1120059
0.1341221,0.4947288,-0.1017884
0.131458,0.5067177,-0.09166528
0.1578608,0.4330765,-0.1076696
0.1596274,0.4671497,-0.1031784
0.1579445,0.4849519,-0.09483278
0.1549945,0.496323,-0.0855707
0.1728187,0.4225164,-0.09841072
0.178403,0.4467433,-0.0955352
0.1781869,0.4628716,-0.08861265
0.1766911,0.4729404,-0.08120304
0.1623928,0.4128523,-0.1149949
0.1711655,0.3421563,-0.1201984
0.1445053,0.3619028,-0.1190977
0.1158932,0.4025312,-0.1220931
0.1031002,0.4274424,-0.1174581
0.09639405,0.4443859,-0.1106974
0.1418348,0.4361172,-0.1255847
0.1416638,0.4654349,-0.122236
0.1400887,0.4828246,-0.1141705
0.1375893,0.4939668,-0.1052559
0.1604144,0.4369115,-0.1210901
0.1628028,0.4714319,-0.1182669
0.1620661,0.4938603,-0.1090776
0.1606096,0.5063117,-0.09952242
0.1808526,0.4309937,-0.112458
0.1861488,0.4645565,-0.1097859
0.1865533,0.4824736,-0.1023079
0.1849844,0.4941279,-0.0934954
0.1951249,0.4197024,-0.1029859
0.2026281,0.4435276,-0.1009914
0.2036822,0.4596209,-0.09443558
0.2029136,0.4697318,-0.08718497
0.1813172,0.4081237,-0.118266
0.1844483,0.3368096,-0.1214051
0.1593411,0.3584691,-0.1203479
0.135539,0.4020086,-0.1248638
0.126037,0.4283359,-0.1213079
0.1216631,0.4462169,-0.1149304
0.1628,0.4325821,-0.1296033
0.1658663,0.4616393,-0.1269524
0.1662524,0.4788254,-0.1187516
0.1652031,0.4896582,-0.109801
0.1813647,0.4320587,-0.1252698
0.1873527,0.4659264,-0.1237515
0.1893347,0.4885698,-0.1155199
0.1896616,0.5014591,-0.1065487
0.2012134,0.4248706,-0.1165483
0.2102292,0.4569263,-0.1154155
0.2130756,0.474565,-0.1089561
0.2131834,0.4864358,-0.1008862
0.2145535,0.4127502,-0.1066666
0.224181,0.4355238,-0.1061005
0.2272528,0.451358,-0.1007319
0.2279828,0.4615105,-0.09428291
0.1994613,0.4021,-0.1225827
0.1966084,0.3306446,-0.1234188
0.173456,0.3541547,-0.1225187
0.1544968,0.4000176,-0.1285795
0.1478248,0.4276548,-0.1258402
0.1452967,0.4464418,-0.1200501
0.1830973,0.4276889,-0.1347
0.1888653,0.4568021,-0.1322932
0.1906851,0.473814,-0.1233938
0.1905681,0.484117,-0.1138347
0.2014816,0.4258089,-0.1305289
0.2109534,0.4591835,-0.1295988
0.2153142,0.4818088,-0.1211739
0.217059,0.4946071,-0.1119413
0.2206799,0.4172173,-0.1217187
0.2327579,0.4479949,-0.1212058
0.2374363,0.4652529,-0.1150234
0.238703,0.4769791,-0.1070981
0.2330696,0.4042552,-0.1114548
0.2450565,0.4263161,-0.1126508
0.2501537,0.4419494,-0.1084588
0.2522238,0.4520889,-0.1027089
0.2155003,0.3960268,-0.1253222
0.207546,0.3248918,-0.1253535
0.1860389,0.3500614,-0.1238544
0.1708981,0.3975625,-0.1312564
0.1667268,0.4257982,-0.1297901
0.1657349,0.444931,-0.1249945
0.2006066,0.4226051,-0.1371963
0.209801,0.4517484,-0.135899
0.2141771,0.469141,-0.1277295
0.2160987,0.4798672,-0.1185902
0.2189863,0.4195344,-0.1335263
0.2311717,0.4518413,-0.1332496
0.2375854,0.4740958,-0.1250526
0.2405363,0.4865837,-0.1156478
0.2378483,0.4095536,-0.1252745
0.2519953,0.4391289,-0.1255374
0.2578964,0.4558496,-0.1199405
0.2598828,0.4670915,-0.112149
0.2496021,0.3957971,-0.1153367
0.2639069,0.4159407,-0.1166095
0.2707294,0.4303439,-0.1121069
0.2737865,0.4396006,-0.1059553
0.2287754,0.3887832,-0.1274963
0.2166509,0.3180797,-0.1291307
0.1964978,0.3447112,-0.1268542
0.1857195,0.3941135,-0.1334276
0.1839174,0.4229416,-0.1318771
0.1842876,0.4420916,-0.1272595
0.2154815,0.4165056,-0.1383335
0.2264827,0.4460349,-0.1386119
0.2321868,0.4639205,-0.1316725
0.2351387,0.4750304,-0.1233131
0.2336781,0.4122177,-0.1350908
0.2482002,0.4432746,-0.1361549
0.2567135,0.4652617,-0.1298642
0.2607815,0.4780256,-0.1214738
0.2518558,0.4009333,-0.1274201
0.2690842,0.4293022,-0.1296339
0.2774562,0.4458368,-0.1259045
0.2812123,0.4572867,-0.1190909
0.2628814,0.3862968,-0.1180436
0.2795868,0.4041244,-0.1184541
0.2888156,0.4174865,-0.1132992
0.2931897,0.4263957,-0.1063756
0.236158,0.3796512,-0.1303222
0.2209403,0.309625,-0.1328179
0.2020602,0.3372946,-0.1304033
0.1945011,0.3872932,-0.1346842
0.1945074,0.4159719,-0.1315869
0.1959953,0.4347225,-0.1258501
0.2241671,0.4080949,-0.1409619
0.237078,0.4377557,-0.1431346
0.2440425,0.4564978,-0.1382104
0.2479281,0.468888,-0.1312294
0.2420999,0.4029329,-0.1376058
0.2579203,0.4332303,-0.1398668
0.2672688,0.4552909,-0.1347176
0.2718255,0.4683909,-0.1269798
0.2596823,0.3906518,-0.1298843
0.2787861,0.4182192,-0.1328575
0.2881968,0.434588,-0.1293628
0.2927188,0.4460156,-0.1224984
0.2699656,0.3755017,-0.1205973
0.2879985,0.3925598,-0.1212267
0.2983317,0.4057392,-0.1162727
0.3032932,0.4147051,-0.1093766
0.2365819,0.3701565,-0.1319551
0.2190456,0.300546,-0.1352476
0.2014173,0.3287458,-0.1333839
0.1960647,0.378703,-0.1366961
0.1966096,0.407532,-0.1333624
0.1983573,0.4265322,-0.1276163
0.2261135,0.3990178,-0.1432367
0.2392408,0.4291617,-0.14564
0.2464113,0.4484465,-0.1408939
0.2503669,0.4609162,-0.1335757
0.2437519,0.3932098,-0.1391085
0.26089,0.4233668,-0.141336
0.2709067,0.4453617,-0.1362142
0.2758487,0.458807,-0.1287452
0.2604262,0.380326,-0.1305626
0.2811335,0.4075152,-0.1335111
0.2915926,0.423666,-0.1296531
0.2970129,0.4352328,-0.1227377
0.269754,0.3649383,-0.1206857
0.2890843,0.3819025,-0.1209273
0.3002407,0.3951285,-0.1158638
0.3058718,0.4042698,-0.1092424
0.229614,0.3668694,-0.1289444
0.2107862,0.2973712,-0.132686
0.1937326,0.3257713,-0.1306106
0.1880732,0.3757835,-0.1343515
0.1878756,0.4050319,-0.1316689
0.1892785,0.4245358,-0.1267605
0.2202029,0.3959149,-0.1404358
0.2330539,0.4261788,-0.1413786
0.2396529,0.4447243,-0.1350079
0.2429076,0.4556598,-0.1264516
0.2375844,0.3898175,-0.1362459
0.2560616,0.4199109,-0.1376038
0.2668473,0.441317,-0.1314415
0.2720003,0.454263,-0.1234581
0.2536805,0.3766605,-0.1273173
0.2751078,0.4034007,-0.129778
0.2859089,0.4189001,-0.1252667
0.2914385,0.4299508,-0.1181637
0.2623324,0.3611268,-0.1172383
0.2820266,0.3785095,-0.1170461
0.293144,0.3917312,-0.111454
0.298659,0.4007917,-0.1047204
0.2157502,0.3677799,-0.1238568
0.1978071,0.2977421,-0.1277006
0.180257,0.3259438,-0.1254197
0.1716044,0.3750607,-0.1304193
0.1690071,0.4051203,-0.1294968
0.1686964,0.4261411,-0.126309
0.2062781,0.396536,-0.1354526
0.2177469,0.4274564,-0.1352382
0.2226908,0.4461496,-0.127122
0.2241771,0.4567879,-0.1170328
0.2237075,0.3907185,-0.1313428
0.2408261,0.4214354,-0.1305963
0.2498297,0.4426925,-0.1218202
0.2537914,0.4553443,-0.1125722
0.2398971,0.3779358,-0.1222207
0.2596323,0.4053047,-0.1226135
0.2687882,0.420646,-0.1159279
0.2730613,0.4312535,-0.1076114
0.2484549,0.3627856,-0.1119921
0.2672795,0.3815854,-0.1099947
0.2763452,0.395107,-0.1029389
0.2800205,0.4041011,-0.09564401
0.1963096,0.371831,-0.1171429
0.1814023,0.3011245,-0.1217961
0.1625626,0.3287542,-0.1190076
0.1506033,0.3760481,-0.1239849
0.1459334,0.4058014,-0.1230666
0.1447133,0.4274118,-0.1200079
0.1854158,0.4001425,-0.128259
0.1943923,0.431355,-0.1248272
0.1977862,0.4495904,-0.1140988
0.1981713,0.4592455,-0.1019136
0.2032482,0.3950357,-0.1244664
0.2179411,0.4262676,-0.1206817
0.225288,0.4473713,-0.1099351
0.2285371,0.4598355,-0.09979935
0.2201575,0.3829706,-0.1154823
0.2375158,0.4110153,-0.1147087
0.2456744,0.4264761,-0.1076319
0.2494971,0.4370163,-0.0992572
0.2293409,0.3682536,-0.1053596
0.2462906,0.3876711,-0.1016778
0.2536541,0.4011002,-0.09368764
0.2560893,0.4098452,-0.08604752
0.1722541,0.3762555,-0.110419
0.1613201,0.304945,-0.116433
0.1410902,0.3315321,-0.1139609
0.1258831,0.3773047,-0.118273
0.1189115,0.4067309,-0.1170599
0.1159606,0.4284189,-0.1135388
0.1601504,0.404,-0.1215553
0.1663637,0.4357227,-0.1181209
0.167719,0.4543592,-0.107305
0.1665117,0.4644134,-0.09495536
0.1780281,0.3998562,-0.1172426
0.1903058,0.4323298,-0.1119127
0.1953248,0.4540562,-0.09991591
0.1969058,0.4667518,-0.08918381
0.1953646,0.3886622,-0.1077453
0.2106846,0.4179873,-0.1058537
0.2172661,0.4339328,-0.09820296
0.219836,0.444607,-0.0896858
0.2051205,0.3743484,-0.0974094
0.2207594,0.3945946,-0.09180384
0.2266343,0.4082608,-0.08277293
0.2276336,0.4169627,-0.07462762
0.1458375,0.3778262,-0.1037769
0.1393095,0.3061049,-0.1109485
0.1177369,0.3315059,-0.1098179
0.09899163,0.3759329,-0.1143714
0.09005059,0.4045077,-0.1124441
0.08607808,0.4253495,-0.1078597
0.1328838,0.4049112,-0.1156184
0.1354085,0.4367485,-0.1112802
0.1338828,0.4553012,-0.09993117
0.1305781,0.4651429,-0.08730195
0.1505733,0.4017527,-0.1099862
0.1604895,0.4353188,-0.1038166
0.1635927,0.4577943,-0.0917982
0.1638988,0.4711206,-0.08126507
0.1678821,0.3915409,-0.09939979
0.1820329,0.4220939,-0.09718233
0.1878355,0.4389593,-0.08985959
0.1898643,0.4505619,-0.081766
0.177741,0.3777854,-0.08848087
0.1916869,0.3987109,-0.08196405
0.196353,0.4128575,-0.07284182
0.1964425,0.4220216,-0.06477482
0.1155352,0.3732429,-0.09780931
0.1150669,0.3019942,-0.1073676
0.09196382,0.3260524,-0.1068023
0.06860109,0.3683722,-0.1094121
0.05699431,0.395413,-0.106462
0.05171043,0.4149194,-0.1016198
0.1001608,0.3995865,-0.1094303
0.1003765,0.4303539,-0.1030509
0.09700822,0.4477949,-0.09061316
0.09187207,0.4567781,-0.07811991
0.1180018,0.3975152,-0.1028468
0.1247033,0.4316353,-0.09488872
0.1250864,0.4540297,-0.08160917
0.1238297,0.4668087,-0.07037587
0.1361398,0.3881235,-0.09201007
0.1465058,0.4205804,-0.08847225
0.1497464,0.4382398,-0.08084298
0.1504881,0.450055,-0.07276008
0.14709,0.3750311,-0.08123306
0.1588288,0.3968286,-0.0747122
0.1626155,0.4116562,-0.06591801
0.1622146,0.4211939,-0.05803596
0.08664547,0.3781626,-0.09332144
0.09238762,0.3069241,-0.1041163
0.06738315,0.3288463,-0.1035574
0.04037981,0.3695312,-0.1062842
0.02670514,0.3956022,-0.1031425
0.01937461,0.4142271,-0.09773431
0.06969472,0.4035313,-0.1047433
0.06660967,0.434401,-0.09850506
0.06137923,0.4513449,-0.08584392
0.05559323,0.4599749,-0.07264579
0.08733641,0.4028419,-0.09784715
0.09055331,0.437782,-0.08937562
0.0887647,0.4600739,-0.07543497
0.08571983,0.4725028,-0.06361125
0.1056529,0.3947711,-0.08677011
0.1129455,0.4279462,-0.08165203
0.1140984,0.4456705,-0.07313303
0.11285,0.4573477,-0.06448345
0.1172027,0.3822622,-0.07602087
0.1262506,0.4046631,-0.06785496
0.1271921,0.4193734,-0.05808687
0.1247218,0.4286443,-0.04979276
0.05394924,0.3752125,-0.09048952
0.06737154,0.3052253,-0.1030246
0.0406898,0.3248066,-0.1034416
0.008241347,0.3620222,-0.1042752
-0.008690344,0.3857687,-0.1000399
-0.01844653,0.4026696,-0.09392107
0.03493663,0.3992593,-0.101957
0.02714449,0.428569,-0.09419995
0.01887672,0.4440269,-0.08089626
0.01101617,0.4515465,-0.06736508
0.05217837,0.4000317,-0.09415723
0.05051975,0.4350367,-0.08305249
0.0453672,0.4563256,-0.06800616
0.0403261,0.4677717,-0.05552684
0.0706118,0.393367,-0.08246292
0.0735541,0.4270935,-0.074997
0.07216445,0.4446647,-0.06580134
0.06924273,0.4561633,-0.05685616
0.08291694,0.3817033,-0.07163502
0.08830257,0.4046791,-0.062694
0.08690365,0.4198398,-0.05300679
0.08295438,0.4294108,-0.04492466
0.02074674,0.368609,-0.08957019
0.04240926,0.3010972,-0.1034824
0.01404263,0.3177328,-0.1046358
-0.02306734,0.3518906,-0.1046812
-0.04228875,0.3735117,-0.09997945
-0.0539095,0.3886688,-0.09367459
-0.000864957,0.3905386,-0.100865
-0.01263812,0.4185105,-0.09313177
-0.02347316,0.4330942,-0.0805393
-0.03315551,0.4401978,-0.06757974
0.01599399,0.3930893,-0.09251811
0.01004256,0.4277608,-0.08184586
0.002088064,0.4488634,-0.06810384
-0.004849079,0.4600788,-0.05634625
0.03484916,0.3882385,-0.08048017
0.03315177,0.422362,-0.07172469
0.02887245,0.4399328,-0.06214533
0.02387933,0.4512772,-0.05285589
0.0482758,0.3778319,-0.06966231
0.05033028,0.4008419,-0.0604598
0.04681221,0.4159782,-0.05095223
0.04155332,0.4253305,-0.04288604
-0.01463674,0.3564245,-0.09023357
0.01575104,0.2923886,-0.1047435
-0.01428547,0.3053336,-0.1068911
-0.05669782,0.3334927,-0.1068801
-0.0788305,0.3518702,-0.1018909
-0.09249472,0.364969,-0.09538351
-0.03850995,0.3754862,-0.1014815
-0.05371411,0.4020982,-0.09412154
-0.06676773,0.4155604,-0.08213484
-0.0780258,0.4215275,-0.06937939
-0.02228358,0.3801743,-0.09273873
-0.03369809,0.4134951,-0.08160738
-0.0453971,0.4326593,-0.06776342
-0.05461021,0.4421537,-0.05594794
-0.003506031,0.3776284,-0.08037413
-0.009851535,0.4115579,-0.07069701
-0.01680269,0.4286472,-0.06080674
-0.02386112,0.4391357,-0.05139539
0.01084151,0.3688687,-0.06938957
0.009318454,0.3922271,-0.0605313
0.003520878,0.4075555,-0.05156566
-0.00313547,0.4167818,-0.04389355
-0.04375737,0.342805,-0.09232432
-0.005513101,0.2829738,-0.1063164
-0.03659175,0.2921866,-0.10934
-0.083066,0.3142859,-0.1090456
-0.1077597,0.3292102,-0.1039481
-0.1234463,0.3399877,-0.09735671
-0.06944172,0.3587758,-0.1040334
-0.08775385,0.3832415,-0.09711009
-0.102274,0.3946419,-0.08570426
-0.1139667,0.3988461,-0.07336856
-0.05424955,0.3652984,-0.09470204
-0.07057893,0.3963902,-0.08365
-0.08542452,0.4129394,-0.07024562
-0.09616607,0.4205281,-0.05902979
-0.03568708,0.3652795,-0.08208621
-0.04649222,0.3987118,-0.07252444
-0.05589026,0.414917,-0.06307596
-0.06454883,0.4246173,-0.05416893
-0.02059472,0.3583384,-0.07085842
-0.02493791,0.3815453,-0.06218091
-0.03230867,0.3964505,-0.05365925
-0.03960617,0.4052541,-0.04627106
-0.06873877,0.3285051,-0.09625489
-0.02317923,0.2739282,-0.1096918
-0.05473382,0.2794439,-0.1135699
-0.103927,0.2935836,-0.1129126
-0.1308823,0.3040119,-0.1075113
-0.1478788,0.3119809,-0.1004022
-0.09605135,0.3410614,-0.1083772
-0.1169411,0.3626347,-0.1010741
-0.1323223,0.3709603,-0.08937149
-0.1436316,0.3722043,-0.07699897
-0.08195375,0.3495627,-0.09864997
-0.102391,0.3780851,-0.08719193
-0.1196887,0.3914584,-0.07355925
-0.1315876,0.3964802,-0.06247915
-0.06391542,0.3517934,-0.08568897
-0.07819308,0.3842636,-0.0770631
-0.0891967,0.3996437,-0.068206
-0.09906261,0.4084414,-0.05982449
-0.04821751,0.3465639,-0.0741966
-0.05442917,0.3699864,-0.06614479
-0.06261614,0.3849993,-0.05802451
-0.0702471,0.3936209,-0.0509011
-0.087896,0.3146857,-0.1001134
-0.03631711,0.2657145,-0.1128175
-0.06785411,0.2678631,-0.1176392
-0.1180653,0.2759946,-0.1176502
-0.1456653,0.2832179,-0.1115486
-0.1628463,0.2893587,-0.1034653
-0.1163806,0.3240055,-0.1127326
-0.1399129,0.3423449,-0.1056975
-0.1561838,0.347867,-0.09423604
-0.1674066,0.3466788,-0.08213706
-0.1035394,0.334073,-0.1026544
-0.1278655,0.3590216,-0.09121784
-0.147471,0.3685711,-0.07750033
-0.1602732,0.3704155,-0.06686467
-0.08611434,0.3382019,-0.08919929
-0.1050842,0.3678067,-0.08068451
-0.1185196,0.380767,-0.07173873
-0.1300644,0.3870845,-0.06335645
-0.06998173,0.3347091,-0.07743816
-0.07897983,0.3575353,-0.06999292
-0.08879347,0.3719929,-0.06216382
-0.09719689,0.3797349,-0.05500665
-0.1005398,0.3026161,-0.1038569
-0.04443809,0.2587756,-0.1158861
-0.075608,0.2580781,-0.1212831
-0.1263182,0.2614248,-0.1220392
-0.1541049,0.2658433,-0.1154354
-0.1710981,0.2702825,-0.1065985
-0.129728,0.3090213,-0.1168104
-0.1549681,0.3239402,-0.1097736
-0.1717499,0.3273818,-0.09877761
-0.183094,0.3249121,-0.08722507
-0.1180665,0.3204569,-0.1066145
-0.1446842,0.3427867,-0.09519619
-0.1654429,0.3505431,-0.08157291
-0.1785796,0.351213,-0.07123234
-0.1012811,0.3261712,-0.09285524
-0.123893,0.3522916,-0.08343155
-0.1389652,0.3630997,-0.07389753
-0.1514452,0.3675845,-0.06516664
-0.0849351,0.3241642,-0.08088609
-0.09690838,0.3453888,-0.07307364
-0.1085076,0.3581618,-0.06471781
-0.1177347,0.3645812,-0.05705879
-0.1069414,0.2935688,-0.1066376
-0.04779975,0.2539113,-0.1181587
-0.07853999,0.2511363,-0.1238643
-0.129607,0.2513754,-0.1255293
-0.1575247,0.2541315,-0.1188456
-0.1743203,0.2576236,-0.1095595
-0.1365639,0.2975801,-0.1197492
-0.1629942,0.3099534,-0.113285
-0.1800773,0.31191,-0.1032103
-0.1914729,0.3086845,-0.09251603
-0.1258496,0.3099789,-0.1095655
-0.1538219,0.3304152,-0.09823755
-0.1752629,0.337124,-0.08501492
-0.1885733,0.3372402,-0.07517523
-0.1095539,0.3169924,-0.09568261
-0.1338799,0.3407504,-0.08550791
-0.1496015,0.3503737,-0.0756885
-0.1623937,0.3539748,-0.06683706
-0.0930986,0.3162559,-0.08362148
-0.1062017,0.3365875,-0.07548568
-0.1182891,0.3489262,-0.06695393
-0.1276084,0.3551086,-0.05917672
-0.1077105,0.2899426,-0.1084893
-0.04711078,0.2523604,-0.1193325
-0.07755148,0.2482881,-0.1248495
-0.1286239,0.2472383,-0.1275146
-0.156375,0.2493191,-0.120914
-0.1728063,0.2524411,-0.1114363
-0.1375239,0.2925112,-0.1216752
-0.164561,0.303368,-0.1154113
-0.1815284,0.3042577,-0.1058704
-0.1925213,0.3005632,-0.0959078
-0.1273054,0.3055017,-0.1116997
-0.1561022,0.3245947,-0.1008721
-0.1779291,0.3306827,-0.08815309
-0.1912186,0.3305826,-0.07860561
-0.1112363,0.3134699,-0.09796307
-0.136301,0.336173,-0.08813959
-0.1522753,0.3454311,-0.0788217
-0.165073,0.3488773,-0.07027893
-0.09475486,0.3135903,-0.08586516
-0.1084808,0.333432,-0.07781537
-0.1209362,0.3456618,-0.06942072
-0.1303227,0.3518316,-0.06179467
-0.1035378,0.2904819,-0.1101998
-0.04195996,0.2544806,-0.120484
-0.0722304,0.2493394,-0.1257964
-0.1228856,0.2471055,-0.1291911
-0.1503963,0.2489772,-0.1225083
-0.1665886,0.2522593,-0.1125674
-0.1334541,0.2918954,-0.1233749
-0.1610335,0.3024908,-0.1170905
-0.1784225,0.3037662,-0.1077582
-0.1897979,0.3006155,-0.09796023
-0.1235666,0.3053657,-0.1136933
-0.1526392,0.3234036,-0.1026958
-0.1744789,0.3292784,-0.08969153
-0.1876658,0.3292642,-0.07995372
-0.1076872,0.314079,-0.1001157
-0.1331742,0.3358689,-0.09111729
-0.1492191,0.3450252,-0.08241282
-0.1620131,0.3485523,-0.07433461
-0.09126437,0.3149722,-0.08800897
-0.105191,0.3345525,-0.08044174
-0.1176838,0.346872,-0.07258177
-0.1270954,0.353404,-0.06536327
-0.09581752,0.2965453,-0.1105872
-0.03420006,0.2604588,-0.1204507
-0.06445657,0.2552174,-0.125977
-0.1152785,0.2534212,-0.1303665
-0.1427408,0.2560543,-0.1236228
-0.1586681,0.2600262,-0.1133383
-0.1256886,0.2980719,-0.1238251
-0.1534413,0.3091745,-0.1175032
-0.1710353,0.311259,-0.1084047
-0.1828718,0.3090928,-0.09893487
-0.1158382,0.3113495,-0.1141298
-0.1446998,0.3297594,-0.1032991
-0.1663506,0.3366493,-0.09056461
-0.1795299,0.3377542,-0.08102155
-0.09998327,0.3201287,-0.1005892
-0.125402,0.3417641,-0.0919833
-0.1412383,0.3512377,-0.08378237
-0.1539045,0.355438,-0.07614095
-0.08362757,0.3211182,-0.08844051
-0.09747039,0.3406437,-0.08107394
-0.1096993,0.3530738,-0.07344569
-0.1189051,0.3599533,-0.06638076
-0.08373703,0.3064653,-0.110331
-0.02318729,0.2685387,-0.1199275
-0.05371317,0.2639092,-0.1254534
-0.1046642,0.263943,-0.1304937
-0.1319416,0.2678702,-0.1238533
-0.1475808,0.2727416,-0.1134835
-0.1135549,0.3091128,-0.1236181
-0.1411799,0.321833,-0.1174131
-0.1591265,0.3254338,-0.1084247
-0.1717674,0.3246806,-0.09898507
-0.10334,0.3217286,-0.1138914
-0.1312959,0.3416176,-0.1028901
-0.1525614,0.3499261,-0.09003621
-0.1657447,0.3522207,-0.08033875
-0.08715302,0.3301402,-0.1004355
-0.111807,0.3525276,-0.09209593
-0.1272213,0.3626741,-0.08420752
-0.1396311,0.3677139,-0.0768572
-0.07076221,0.3307082,-0.08831958
-0.08389977,0.3506179,-0.08112466
-0.09552841,0.3635952,-0.07368568
-0.1043797,0.3711868,-0.06674268
-0.06895869,0.3185507,-0.109475
-0.01010595,0.2782439,-0.1193444
-0.04090622,0.2747675,-0.1245772
-0.09167491,0.2775336,-0.1299914
-0.1184393,0.2832579,-0.1229774
-0.133401,0.2893568,-0.1118519
-0.0988751,0.3222874,-0.1224548
-0.1255611,0.3373805,-0.116419
-0.1435824,0.3431681,-0.1075459
-0.1567419,0.3442546,-0.09807397
-0.0880325,0.3345112,-0.1129409
-0.1143239,0.3562935,-0.1018793
-0.1346018,0.3662638,-0.08898007
-0.1474286,0.3696751,-0.07911915
-0.07128355,0.3423421,-0.09974068
-0.09490292,0.3659643,-0.09234875
-0.109734,0.3769566,-0.08515826
-0.1217386,0.3827298,-0.07827792
-0.05468334,0.3423821,-0.08786824
-0.06674208,0.3627884,-0.08069877
-0.0776404,0.3760972,-0.07313544
-0.08608367,0.3839237,-0.06609061
-0.05128014,0.3320397,-0.1090101
0.004980857,0.2884658,-0.1192543
-0.02609101,0.2864834,-0.1239831
-0.07637758,0.2936096,-0.1294132
-0.1027113,0.3016572,-0.1225664
-0.117412,0.3089463,-0.1115714
-0.08122478,0.3375218,-0.1216979
-0.1066234,0.3543955,-0.115606
-0.1240755,0.3613138,-0.1067215
-0.1369833,0.3634762,-0.09729858
-0.06948815,0.3489422,-0.1123864
-0.0941157,0.3725579,-0.1016525
-0.113407,0.3841076,-0.08905508
-0.1257904,0.3886848,-0.07919239
-0.05203913,0.3559287,-0.09948216
-0.07427063,0.3810236,-0.09240627
-0.08839612,0.3928337,-0.08541289
-0.09983142,0.3993785,-0.07861509
-0.03523161,0.3551268,-0.08786329
-0.04607728,0.3760908,-0.08041859
-0.05627822,0.3897195,-0.07245227
-0.06421774,0.3978002,-0.06513805
-0.03146702,0.3457631,-0.1088711
0.02189925,0.2991919,-0.1193333
-0.00945167,0.2986861,-0.1234781
-0.05935704,0.3100046,-0.1294469
-0.08496155,0.3205725,-0.122603
-0.09897985,0.3293495,-0.1116522
-0.06138928,0.3522907,-0.1211034
-0.08493897,0.3725806,-0.1150783
-0.1015799,0.3820362,-0.1063504
-0.1141995,0.3864311,-0.09721816
-0.0487555,0.3634937,-0.1122734
-0.07194583,0.3892976,-0.1032528
-0.09035021,0.4026938,-0.09167609
-0.1024063,0.4083332,-0.08183688
-0.0306045,0.3698741,-0.09978896
-0.05108767,0.3970767,-0.09259341
-0.06446157,0.4096365,-0.08528341
-0.07528966,0.4165225,-0.07797482
-0.01363731,0.3684186,-0.08847909
-0.0228117,0.3900764,-0.081108
-0.03204367,0.4038388,-0.07284784
-0.03938019,0.4119222,-0.06524828
-0.007114302,0.3611709,-0.109179
0.04100296,0.3096556,-0.1209685
0.009510931,0.3121471,-0.1242778
-0.03885417,0.3269274,-0.1290392
-0.06312991,0.3387985,-0.1210348
-0.07578417,0.347865,-0.1088326
-0.03665236,0.3706758,-0.1205328
-0.05916274,0.3921927,-0.1146758
-0.07536971,0.4023384,-0.1059088
-0.08755885,0.406895,-0.09633247
-0.0226269,0.3805071,-0.11218
-0.04390686,0.4082125,-0.1021251
-0.06133996,0.4221607,-0.08917194
-0.07261149,0.4277256,-0.07856204
-0.003518406,0.3849544,-0.1002616
-0.02178866,0.4135684,-0.09248959
-0.03409994,0.4266751,-0.08436267
-0.04427391,0.433731,-0.07659461
0.01365353,0.3819827,-0.08942168
0.006122327,0.4047951,-0.08226748
-0.002383298,0.4191715,-0.07385577
-0.009316548,0.4275252,-0.06608339
0.0165125,0.3735887,-0.1097529
0.06055642,0.3188618,-0.1224829
0.02930331,0.3234541,-0.1249032
-0.01726905,0.3435051,-0.1292531
-0.04050796,0.3578354,-0.1213171
-0.05258125,0.368051,-0.1093167
-0.01261849,0.3850403,-0.1203773
-0.03320665,0.4083294,-0.1140548
-0.04806211,0.419748,-0.1049226
-0.05921886,0.4252292,-0.09523588
0.00226259,0.3938797,-0.112441
-0.01654529,0.4232189,-0.102123
-0.03209565,0.4384944,-0.08893885
-0.04217081,0.4449443,-0.0780779
0.02202529,0.3971198,-0.1011352
0.006408211,0.4269415,-0.09231336
-0.004432443,0.4407025,-0.08338276
-0.01344324,0.448308,-0.07498319
0.03926491,0.3930151,-0.09069283
0.03359035,0.4166229,-0.08386866
0.02641685,0.4315467,-0.0754649
0.02049193,0.4403405,-0.0677045
0.04004614,0.3852603,-0.1104571
0.07936396,0.327057,-0.1233398
0.04829051,0.3339696,-0.1251616
0.003916204,0.3584089,-0.1292466
-0.01812417,0.3747454,-0.121662
-0.02940239,0.385914,-0.1101099
0.01179291,0.3989446,-0.1207695
-0.006460257,0.4239607,-0.1144117
-0.02005611,0.4367376,-0.1051754
-0.03056177,0.4432721,-0.09535641
0.02752636,0.4066451,-0.1131227
0.01105262,0.437415,-0.1029805
-0.002979119,0.4536697,-0.08970761
-0.01223704,0.4607484,-0.07863962
0.04772445,0.4083874,-0.1021916
0.034286,0.4394845,-0.09281792
0.02448138,0.453819,-0.08345385
0.01621754,0.4618574,-0.07466942
0.06468052,0.4030001,-0.09208466
0.06110301,0.4272382,-0.0850284
0.0550628,0.4424548,-0.07629073
0.04985509,0.451452,-0.06828792
0.06532954,0.39427,-0.1126184
0.09925349,0.3328821,-0.1249228
0.0684747,0.342002,-0.1259417
0.02671508,0.3708807,-0.1295259
0.006304547,0.389358,-0.1219411
-0.004087328,0.4016888,-0.1106032
0.03807751,0.4100029,-0.122743
0.02278551,0.436219,-0.1158096
0.01111618,0.449785,-0.1060683
0.001861173,0.4569146,-0.09602015
0.05467815,0.4165324,-0.1156301
0.041727,0.4487849,-0.1060686
0.03013532,0.4664996,-0.09283989
0.02230043,0.4746969,-0.08155415
0.07531992,0.4168525,-0.1052298
0.06454293,0.4492457,-0.09649709
0.05612214,0.4645558,-0.08710156
0.04883583,0.4734813,-0.0780601
0.09203231,0.4102948,-0.09534058
0.0905087,0.4349528,-0.08900206
0.08569885,0.4504686,-0.08049528
0.0812707,0.4598664,-0.0725483
0.08830689,0.4012893,-0.1154199
0.1165377,0.3369517,-0.1270324
0.08632366,0.3484397,-0.1272088
0.04760509,0.3809442,-0.1299627
0.02850462,0.4010853,-0.123021
0.01885347,0.4143806,-0.1128996
0.06233845,0.4190172,-0.1253391
0.05054576,0.446117,-0.1180358
0.04092682,0.4606676,-0.108133
0.03284856,0.4687497,-0.09793895
0.07968541,0.4243242,-0.1188358
0.06945497,0.457361,-0.1096645
0.05948687,0.4758653,-0.09636793
0.05257573,0.4847351,-0.08484375
0.1005667,0.4231722,-0.1089725
0.0925904,0.4564453,-0.1009724
0.08558837,0.4724488,-0.09166563
0.07927006,0.4820383,-0.08247367
0.1169005,0.4154612,-0.09935836
0.117224,0.4401336,-0.09320599
0.1132634,0.4556232,-0.08461996
0.109335,0.4649921,-0.07661782
0.1106919,0.4066809,-0.1185445
0.1327734,0.3395903,-0.1289983
0.1034555,0.3537143,-0.1286592
0.06864202,0.3898317,-0.1313978
0.05148999,0.4121544,-0.1252968
0.04250004,0.4270781,-0.1165824
0.08651622,0.4265224,-0.1284695
0.0782689,0.454843,-0.1219114
0.07091106,0.4707956,-0.1125301
0.06412569,0.4801143,-0.1027
0.1043989,0.4304252,-0.1226157
0.09844451,0.4646179,-0.1149215
0.09124594,0.4849516,-0.1023102
0.08570117,0.4953165,-0.09094203
0.1251224,0.4276569,-0.1130551
0.1211765,0.4616355,-0.1057945
0.1162394,0.4786494,-0.09650706
0.1110445,0.4891505,-0.08707523
0.1407444,0.4185378,-0.1034434
0.1435819,0.4433344,-0.09783687
0.1412001,0.4590449,-0.08929762
0.1381295,0.4684832,-0.08117737
0.1341063,0.4088081,-0.1223311
0.1497467,0.3397588,-0.1313821
0.1217298,0.3565366,-0.1300771
0.0898152,0.3951423,-0.132367
0.07491199,0.4184457,-0.1266314
0.06735101,0.4338334,-0.118151
0.1113909,0.4306623,-0.132176
0.1070468,0.4590106,-0.1253503
0.1023558,0.4748554,-0.1154557
0.09750745,0.4841512,-0.1054719
0.1297594,0.4329374,-0.1270153
0.1279693,0.4673563,-0.1202453
0.1237739,0.4882098,-0.1080831
0.1200893,0.4990354,-0.09692383
0.1505551,0.4285107,-0.1181911
0.1499212,0.4626282,-0.1119136
0.1466673,0.4798037,-0.1028331
0.1427504,0.4904102,-0.09345308
0.1656974,0.4180273,-0.1089664
0.1705912,0.4426382,-0.1050873
0.1696473,0.4585822,-0.09750241
0.1676725,0.4683456,-0.08984836
0.155957,0.4067909,-0.1255386
0.1653853,0.3362215,-0.1328
0.1387277,0.3554297,-0.1314076
0.1120145,0.3982778,-0.1357452
0.1006549,0.4242821,-0.1318394
0.09493173,0.4417567,-0.124803
0.1355014,0.4302492,-0.1358028
0.1354207,0.4593505,-0.1308872
0.1335723,0.4765225,-0.121879
0.1306166,0.4873905,-0.1124945
0.1539442,0.4310683,-0.1310095
0.1564696,0.4652407,-0.1260966
0.1556874,0.4869704,-0.1155593
0.1540112,0.4990387,-0.1053915
0.1741834,0.4251496,-0.1222262
0.1779681,0.4589357,-0.1180204
0.1774225,0.4766257,-0.1100973
0.1751917,0.4878167,-0.1013225
0.1883212,0.4136703,-0.112798
0.1958811,0.4375247,-0.1094602
0.1969866,0.4534302,-0.102064
0.1961592,0.4633474,-0.09447093
0.1767986,0.4045387,-0.1299601
0.1798711,0.3329825,-0.1351927
0.1550096,0.3543195,-0.133955
0.1343793,0.4005548,-0.1412062
0.1264184,0.4289355,-0.1407449
0.1221299,0.448499,-0.1369374
0.1586928,0.4294356,-0.1408833
0.1616607,0.4600279,-0.1386608
0.1615139,0.4785475,-0.1306473
0.1595673,0.4904728,-0.1217196
0.1770744,0.4288881,-0.1362308
0.1839725,0.4627946,-0.1334512
0.1861798,0.4852513,-0.1242855
0.1861724,0.4981717,-0.1149199
0.1966932,0.4214258,-0.1273993
0.2059064,0.4540906,-0.1247391
0.2084553,0.471812,-0.1173045
0.2081248,0.4834944,-0.1086809
0.2097205,0.4088843,-0.1177288
0.2209817,0.4321324,-0.1161954
0.2251955,0.4481586,-0.1100024
0.226124,0.4585878,-0.1030645
0.1964944,0.3996057,-0.1342188
0.1930476,0.3278688,-0.1382388
0.1701721,0.3514899,-0.1365338
0.1541494,0.4002503,-0.1442858
0.1493655,0.4296615,-0.1439648
0.1472846,0.4497791,-0.1402606
0.1804094,0.425896,-0.1449816
0.1876691,0.4570824,-0.1449838
0.1908758,0.476637,-0.138473
0.1917384,0.489536,-0.1304616
0.1987812,0.4237938,-0.1409119
0.2104567,0.4567683,-0.1395208
0.2163021,0.4793214,-0.1310483
0.2184998,0.4923681,-0.1217028
0.2179445,0.4146671,-0.1326091
0.2311529,0.4457186,-0.1314899
0.2361693,0.4631793,-0.1248674
0.2372632,0.4748207,-0.116315
0.2301273,0.401058,-0.1232024
0.2452979,0.4221773,-0.1233346
0.2526072,0.4373355,-0.1179569
0.2554232,0.4473535,-0.1111945
0.2133406,0.3931204,-0.1389254
0.2039017,0.321766,-0.1428133
0.1828454,0.3475741,-0.1405474
0.1730305,0.3984428,-0.1471514
0.1724192,0.4283039,-0.145583
0.1735606,0.4480218,-0.140896
0.1994588,0.4208371,-0.1491504
0.2103253,0.4515868,-0.1504482
0.2158384,0.4710118,-0.1445496
0.2183591,0.4837397,-0.1368687
0.2176041,0.4170598,-0.1456269
0.2325852,0.4487469,-0.1455808
0.2408282,0.4711258,-0.1378195
0.2441984,0.4841605,-0.1287095
0.2360002,0.4061854,-0.1379011
0.2519686,0.4356122,-0.1377346
0.2585934,0.4525509,-0.1314831
0.2605089,0.4639212,-0.1228967
0.2471247,0.3915831,-0.1288237
0.2641705,0.4105165,-0.1287207
0.2728595,0.4245805,-0.1226459
0.276182,0.4339152,-0.1151458
0.2264825,0.3855316,-0.1432036
0.2125857,0.3149321,-0.1476834
0.193202,0.3422483,-0.1454424
0.1879539,0.3938181,-0.1502121
0.1894111,0.4235047,-0.1474211
0.1918413,0.4425909,-0.141844
0.2145689,0.4144212,-0.1533143
0.227013,0.444685,-0.1549048
0.2334935,0.463655,-0.1491167
0.2367837,0.4758998,-0.1412607
0.2323539,0.4092915,-0.1496632
0.2500913,0.4397587,-0.1505327
0.2604637,0.4618117,-0.1434163
0.2651413,0.4748372,-0.134582
0.2497371,0.3969457,-0.1419061
0.2690384,0.4248104,-0.1426528
0.2778969,0.4412662,-0.1368057
0.2814414,0.4525885,-0.1283975
0.2598423,0.3815047,-0.1328343
0.2781992,0.3992171,-0.1323843
0.2883274,0.4129349,-0.1258743
0.2924658,0.4222332,-0.1179141
0.234009,0.378936,-0.1460859
0.2163808,0.308916,-0.150406
0.1985388,0.3374208,-0.1484108
0.1964479,0.3888916,-0.1525554
0.1993759,0.4182914,-0.1489218
0.2029492,0.4369554,-0.1427655
0.22403,0.4083672,-0.1565714
0.2379661,0.4381976,-0.1585321
0.2454116,0.4569354,-0.1531551
0.2494272,0.4689208,-0.1454908
0.2414132,0.4023272,-0.1526784
0.2606746,0.4319128,-0.1539294
0.2720332,0.4535427,-0.1467371
0.2774135,0.4664205,-0.1379024
0.2578412,0.3890721,-0.144527
0.2788683,0.4157915,-0.1455709
0.2886441,0.4317662,-0.1395439
0.2928931,0.4428955,-0.1308926
0.2668057,0.3732411,-0.1352016
0.286155,0.39023,-0.134326
0.2967917,0.4036658,-0.1271911
0.3011977,0.4127938,-0.1188276
0.2350613,0.3733412,-0.1461269
0.2144684,0.3039657,-0.1494243
0.1976553,0.3333935,-0.1470063
0.1974258,0.3843242,-0.1506604
0.2010294,0.4136578,-0.1468669
0.205223,0.4323251,-0.1407177
0.2264124,0.4028378,-0.1571583
0.2401167,0.4324016,-0.1579682
0.2468749,0.4505834,-0.1508254
0.2503307,0.4616021,-0.1415681
0.2436401,0.3961796,-0.1534245
0.2636217,0.4252844,-0.1539742
0.2750662,0.446322,-0.1456144
0.2804608,0.4587903,-0.136214
0.2594731,0.3824309,-0.1450301
0.2809797,0.4082927,-0.1458315
0.2909004,0.4235963,-0.1392352
0.2952667,0.434296,-0.1304042
0.2676044,0.3665735,-0.1353848
0.2874162,0.3833575,-0.1346159
0.2980459,0.3965698,-0.1273977
0.3024582,0.4055519,-0.1191709
0.2288364,0.3698804,-0.1435764
0.2071475,0.3009977,-0.1462775
0.1906294,0.3306624,-0.1437923
0.1906453,0.381016,-0.1486328
0.1940219,0.4104258,-0.146184
0.1980343,0.4295917,-0.14112
0.2208767,0.3992742,-0.1553915
0.2340277,0.4286843,-0.154862
0.2396187,0.446437,-0.1462318
0.2417081,0.456577,-0.1356593
0.2380132,0.392294,-0.1514256
0.2569944,0.421305,-0.1513303
0.2670367,0.4417901,-0.1426272
0.2715267,0.4538453,-0.133322
0.2534883,0.3784653,-0.1424953
0.2744987,0.4037015,-0.1420529
0.2837921,0.4181291,-0.1346575
0.2877001,0.4281053,-0.1257882
0.261212,0.3626891,-0.1323772
0.2808976,0.379591,-0.1302661
0.2906028,0.3925726,-0.122511
0.294263,0.4011389,-0.1144434
0.2183975,0.3695452,-0.1393635
0.1967776,0.3006887,-0.1422762
0.180152,0.3302514,-0.1401808
0.1777181,0.3801215,-0.1446015
0.1794823,0.4095857,-0.1419262
0.182712,0.4290542,-0.1365786
0.2106667,0.3986475,-0.1515629
0.2217353,0.4285218,-0.1486925
0.2252487,0.4458565,-0.1381889
0.2255964,0.4546407,-0.1264867
0.227813,0.3917861,-0.1472845
0.246073,0.4216916,-0.1461698
0.2553682,0.4425059,-0.1369894
0.25924,0.4548585,-0.1276717
0.243178,0.378139,-0.1378592
0.2636257,0.4038499,-0.1370364
0.2725528,0.4185284,-0.1298036
0.2761716,0.4288427,-0.1213802
0.2506619,0.3626487,-0.127216
0.2703495,0.3799956,-0.1248788
0.2797384,0.3930029,-0.1173965
0.2832359,0.4017126,-0.1098406
0.2030133,0.3706625,-0.1349736
0.1822881,0.301336,-0.1376715
0.1651535,0.3308805,-0.1360006
0.1602681,0.3801143,-0.1411504
0.1606354,0.4097604,-0.138704
0.1635258,0.4297981,-0.1331177
0.1950952,0.3993034,-0.1474898
0.2048777,0.4299373,-0.1435146
0.207173,0.4476966,-0.131701
0.2064308,0.4565935,-0.1186698
0.2123903,0.3927832,-0.1429165
0.2289844,0.4233542,-0.1396791
0.2364713,0.4443736,-0.1290045
0.2391652,0.4569663,-0.1190924
0.2278061,0.3796491,-0.133153
0.2470971,0.4058804,-0.1330609
0.2555922,0.4208336,-0.1265722
0.25898,0.4314267,-0.1187482
0.2352984,0.3646246,-0.1222219
0.2543131,0.3823331,-0.1190207
0.2627552,0.3954552,-0.111428
0.2653607,0.404141,-0.1040758
0.1843175,0.3749525,-0.1313517
0.1675263,0.3046872,-0.1345989
0.1488952,0.3329392,-0.1331118
0.1411725,0.3814324,-0.1400232
0.13992,0.4115992,-0.1385323
0.1418048,0.4325428,-0.1335005
0.1748984,0.4031554,-0.1439703
0.1826819,0.4345372,-0.1397734
0.1836972,0.4529177,-0.127514
0.1817218,0.4621079,-0.1138919
0.1924758,0.397495,-0.1391161
0.2071399,0.4292861,-0.134303
0.2126652,0.4510852,-0.1218735
0.2136305,0.4637568,-0.11091
0.208615,0.3853551,-0.1290367
0.22611,0.4132919,-0.1288628
0.233475,0.4292695,-0.1218861
0.2357085,0.4403063,-0.1135515
0.2167982,0.3706982,-0.1178933
0.2352335,0.3893422,-0.1138024
0.2427817,0.4029878,-0.1055283
0.2443213,0.4117267,-0.09773472
0.1627252,0.376252,-0.1274432
0.1493493,0.3054611,-0.1320377
0.1294996,0.332922,-0.1308262
0.1184568,0.380627,-0.1370759
0.1150886,0.4104594,-0.1346429
0.1158344,0.4312337,-0.1284393
0.1522175,0.4041521,-0.1400028
0.1577504,0.4356883,-0.1346058
0.1571137,0.4535484,-0.1215103
0.1541388,0.4622171,-0.1074104
0.1699032,0.3992154,-0.1346765
0.1824208,0.4320027,-0.1281386
0.1861934,0.4540105,-0.1147899
0.186123,0.4667371,-0.1033968
0.1863091,0.3877117,-0.1242399
0.2028119,0.4167043,-0.1231809
0.2095287,0.4331137,-0.1161482
0.2114588,0.4444312,-0.1079991
0.1949474,0.3733493,-0.1130443
0.2121598,0.3927572,-0.1080587
0.2187887,0.4068256,-0.09953453
0.2197291,0.4158081,-0.09174625
0.1377191,0.3787032,-0.124547
0.1290851,0.3073667,-0.1301453
0.107688,0.3336812,-0.1292632
0.09251858,0.3798148,-0.1359452
0.08669662,0.4091536,-0.1341651
0.08574272,0.4299273,-0.1284058
0.1256233,0.4060847,-0.137307
0.1282956,0.4372896,-0.1313063
0.1256841,0.4544151,-0.1173726
0.1215766,0.462377,-0.1025976
0.1434546,0.4021139,-0.1313305
0.1544078,0.4350227,-0.123644
0.1573318,0.4567425,-0.1099135
0.1567592,0.46916,-0.09844287
0.1603126,0.391532,-0.1204673
0.1757221,0.421543,-0.1205987
0.1821352,0.438566,-0.1146632
0.1841714,0.4503724,-0.1072196
0.1694531,0.3776883,-0.1090821
0.1854819,0.3971992,-0.1029069
0.191208,0.4110537,-0.09398206
0.1915937,0.4197114,-0.08610149
